StartDate,EndDate,Status,Progress,Duration (in seconds),Finished,RecordedDate,ResponseId,DistributionChannel,UserLanguage,Q_RecaptchaScore,age,employed,hours_week,job_function,job_function_11_TEXT,job_level,job_level_6_TEXT,tenure_years,check_01,task_clarity,performance_criteria,solution_clarity,task_judgment,ai_tools,ai_tools_9_TEXT,ai_frequency,ai_percent,ai_activities,ai_integration,ai_speed,ai_quality,ai_verification,relative_performance,formal_evaluation,evaluation_outcome,deadline_performance,quality_performance,output_volume,digital_comfort,experience_years,attention_check,job_description,employment_confirm,eligible
Start Date,End Date,Response Type,Progress,Duration (in seconds),Finished,Recorded Date,Response ID,Distribution Channel,User Language,Q_RecaptchaScore,Are you 18 years of age or older?,Are you currently employed (including self-employed)?,"How many hours per week do you typically work in your primary job?

(Please enter a number. If your hours vary, give your best estimate.)",Which best describes your current primary job function? - Selected Choice,Which best describes your current primary job function? - Other (specify) - Text,Which best describes your current job level? - Selected Choice,Which best describes your current job level? - Other (specify) - Text,"How long have you been in your current role?

(Enter your best estimate in years. Decimals are OK (e.g., 0.5).)","To show that you are paying attention, please select “True.”",My core tasks have clear procedures or best practices.,Criteria for good performance are well-defined for my core tasks.,My core tasks usually have a clear correct solution.,My core tasks require substantial judgment because the correct approach is often unclear.,Which AI assistance tools do you use for work? (Select all that apply.) - Selected Choice,Which AI assistance tools do you use for work? (Select all that apply.) - Other (please specify) - Text,How often do you use AI assistance tools for work?,"Approximately what percentage of your work time involves using AI assistance tools?
(Enter a number from 0 to 100.)",For which activities do you use AI assistance tools at work?,AI assistance tools are integrated into my regular workflow.,AI assistance tools help me complete tasks faster.,AI assistance tools improve the quality of my work.,AI assistance tools often create extra work because I need to verify or correct outputs.,"Compared to others in similar roles, how would you rate your performance over the past 3 months?",Have you received a formal performance evaluation in your current role within the past 12 months?,How would you describe the overall outcome of your most recent performance evaluation?,"Over the past 4 weeks, I consistently met deadlines.","Over the past 4 weeks, my work quality met or exceeded expectations.","Over the past 4 weeks, I produced a high volume of output relative to my role.",I am comfortable learning and using new digital tools for work.,"How many years of full-time work experience do you have?
(Enter your best estimate in years. Decimals are OK.)",Please select 'Agree'.,"In one sentence, what is your primary job?",You indicated that you are currently employed. Is that correct?,eligible
"{""ImportId"":""startDate"",""timeZone"":""America/Denver""}","{""ImportId"":""endDate"",""timeZone"":""America/Denver""}","{""ImportId"":""status""}","{""ImportId"":""progress""}","{""ImportId"":""duration""}","{""ImportId"":""finished""}","{""ImportId"":""recordedDate"",""timeZone"":""America/Denver""}","{""ImportId"":""_recordId""}","{""ImportId"":""distributionChannel""}","{""ImportId"":""userLanguage""}","{""ImportId"":""Q_RecaptchaScore""}","{""ImportId"":""QID2""}","{""ImportId"":""QID3""}","{""ImportId"":""QID4_TEXT""}","{""ImportId"":""QID5""}","{""ImportId"":""QID5_11_TEXT""}","{""ImportId"":""QID6""}","{""ImportId"":""QID6_6_TEXT""}","{""ImportId"":""QID7_TEXT""}","{""ImportId"":""QID8""}","{""ImportId"":""QID11""}","{""ImportId"":""QID12""}","{""ImportId"":""QID13""}","{""ImportId"":""QID14""}","{""ImportId"":""QID34""}","{""ImportId"":""QID34_9_TEXT""}","{""ImportId"":""QID15""}","{""ImportId"":""QID16_TEXT""}","{""ImportId"":""QID17""}","{""ImportId"":""QID18""}","{""ImportId"":""QID19""}","{""ImportId"":""QID20""}","{""ImportId"":""QID21""}","{""ImportId"":""QID23""}","{""ImportId"":""QID24""}","{""ImportId"":""QID25""}","{""ImportId"":""QID22""}","{""ImportId"":""QID27""}","{""ImportId"":""QID28""}","{""ImportId"":""QID30""}","{""ImportId"":""QID29_TEXT""}","{""ImportId"":""QID31""}","{""ImportId"":""QID32_TEXT""}","{""ImportId"":""QID33""}","{""ImportId"":""eligible""}"
2026-02-11 12:05:29,2026-02-11 12:05:56,Survey Preview,100,26,True,2026-02-11 12:05:56,R_3k7eQdRH4vvCAzZ,preview,EN,,No,Yes,,Software / IT / Engineering,,Individual contributor,,,True,,,,,,,,,,,,,,,,,,,,,,,,,
2026-02-11 12:06:29,2026-02-11 12:07:03,Survey Preview,100,33,True,2026-02-11 12:07:03,R_35Znmn6E5ztZr4o,preview,EN,,Yes,No,,Software / IT / Engineering,,Individual contributor,,,True,,,,,,,,,,,,,,,,,,,,,,,,,
2026-02-11 12:07:08,2026-02-11 12:07:39,Survey Preview,100,30,True,2026-02-11 12:07:39,R_3uBZgiY91bRRJTB,preview,EN,,Yes,Yes,,Software / IT / Engineering,,Individual contributor,,,False,,,,,,,,,,,,,,,,,,,,,,,,,
2026-02-11 12:09:52,2026-02-11 12:14:32,Survey Preview,100,279,True,2026-02-11 12:14:32,R_3Iaqh0c4IPpcEV6,preview,EN,,Yes,Yes,,Operations / Supply Chain,,Executive,,,False,Agree,Neither agree nor disagree,Agree,Strongly agree,,,Daily or more,,Planning or outlining,Strongly agree,Agree,Agree,Agree,Above average,No,,Agree,Neither agree nor disagree,Agree,Strongly agree,,Strongly agree,IT,Yes,
2026-02-11 12:14:37,2026-02-11 12:16:13,Survey Preview,100,95,True,2026-02-11 12:16:13,R_3QOAoeRMOfSFse5,preview,EN,,Yes,Yes,,Sales / Account Management,,Senior manager / director,,,False,Disagree,Agree,Agree,Neither agree nor disagree,,,1–2 times per week,,Data analysis,Agree,Agree,Agree,Neither agree nor disagree,Above average,Yes,Below expectations,Agree,Agree,Neither agree nor disagree,Agree,,Agree,Sales,Yes,
2026-02-11 12:31:10,2026-02-11 12:31:37,Survey Preview,100,26,True,2026-02-11 12:31:37,R_6b4c6E7UUjwe2yt,preview,EN,,Yes,Yes,,Operations / Supply Chain,,Individual contributor,,,False,,,,,,,,,,,,,,,,,,,,,,,,,0
2026-02-11 12:31:42,2026-02-11 12:34:43,Survey Preview,100,180,True,2026-02-11 12:34:43,R_6ZpGb2oEhOTjwpH,preview,EN,,Yes,Yes,,Marketing / Communications,,Team lead / supervisor,,,True,Agree,Neither agree nor disagree,Neither agree nor disagree,Agree,,,1–2 times per week,,Data analysis,Agree,Neither agree nor disagree,Agree,Agree,Above average,Yes,Meets expectations,Agree,Neither agree nor disagree,Neither agree nor disagree,Agree,,Neither agree nor disagree,IT,Yes,1
2026-02-12 11:42:28,2026-02-12 11:43:26,Survey Preview,100,57,True,2026-02-12 11:43:27,R_6O30Q8L7iX6TnQF,preview,EN,,Yes,No,,Data / Analytics / Research,,Individual contributor,,,True,,,,,,,,,,,,,,,,,,,,,,,,,0
2026-02-15 11:37:30,2026-02-15 11:39:20,Survey Preview,100,109,True,2026-02-15 11:39:20,R_6ERqPJZkTDnzhTz,preview,EN,,Yes,No,,Software / IT / Engineering,,Manager,,,True,,,,,,,,,,,,,,,,,,,,,,,,,0
2026-02-15 11:39:35,2026-02-15 11:44:47,Survey Preview,100,311,True,2026-02-15 11:44:47,R_6o8aEk1JKIRTnox,preview,EN,,Yes,Yes,,Marketing / Communications,,Individual contributor,,,False,Agree,Agree,Agree,Disagree,,,Less than once per month,,Brainstorming or ideation,Strongly disagree,Neither agree nor disagree,Strongly disagree,Agree,About average,Not sure,,Agree,Agree,Agree,Agree,,Agree,Creative director and communications lead for my start-up.,Yes,1
2026-02-15 11:45:13,2026-02-15 11:48:48,Survey Preview,100,214,True,2026-02-15 11:48:48,R_6AT9eD4uV5VLarD,preview,EN,,Yes,No,,Product / Program Management,,Manager,,,True,,,,,,,,,,,,,,,,,,,,,,,,,0
2026-02-15 11:53:06,2026-02-15 11:54:02,Survey Preview,100,56,True,2026-02-15 11:54:02,R_3IhNeCJ4SocdOhi,preview,EN,,Yes,No,,Finance / Accounting,,Executive,,,True,,,,,,,,,,,,,,,,,,,,,,,,,0
2026-02-15 12:55:53,2026-02-15 13:01:45,Survey Preview,100,351,True,2026-02-15 13:01:45,R_6nu3oiqve8D1X29,preview,EN,,Yes,Yes,,Finance / Accounting,,Other (specify),,,True,Agree,Agree,Neither agree nor disagree,Neither agree nor disagree,,,3–4 times per week,,Data analysis,Agree,Neither agree nor disagree,Agree,Disagree,Above average,Yes,Exceeds expectations,Disagree,Neither agree nor disagree,Neither agree nor disagree,Neither agree nor disagree,,Agree,My job is TEST,Yes,1
2026-02-15 13:09:20,2026-02-15 13:11:32,Survey Preview,100,132,True,2026-02-15 13:11:33,R_62JUXhU8itMb5hD,preview,EN,,No,No,,Other (specify),,Other (specify),,,False,,,,,,,,,,,,,,,,,,,,,,,,,0
2026-02-15 13:13:01,2026-02-15 13:13:24,Survey Preview,100,22,True,2026-02-15 13:13:24,R_6N52OcNAyiWwoDe,preview,EN,,No,No,,Other (specify),,Other (specify),,,False,,,,,,,,,,,,,,,,,,,,,,,,,0
2026-02-15 13:18:53,2026-02-15 13:20:18,Survey Preview,100,84,True,2026-02-15 13:20:18,R_6smEwvsXJFOI0kB,preview,EN,,Yes,No,,Product / Program Management,,Executive,,,True,,,,,,,,,,,,,,,,,,,,,,,,,0
2026-02-15 13:20:45,2026-02-15 13:24:33,Survey Preview,100,228,True,2026-02-15 13:24:33,R_5smIz2KMOHt2rH2,preview,EN,,Yes,Yes,,Other (specify),,Individual contributor,,,True,Agree,Strongly agree,Strongly agree,Strongly agree,,,1–2 times per week,,"Writing or editing text,Summarizing documents or messages,Coding or debugging,Planning or outlining",Agree,Agree,Neither agree nor disagree,Neither agree nor disagree,Above average,Yes,Well below expectations,Disagree,Neither agree nor disagree,Agree,Strongly agree,,Strongly agree,TEST TEST TEST TEST,Yes,1
2026-02-15 14:51:09,2026-02-15 14:56:03,Survey Preview,100,293,True,2026-02-15 14:56:03,R_6oaSxr57JF01fYR,preview,EN,,Yes,No,,Data / Analytics / Research,,Other (specify),,,True,,,,,,,,,,,,,,,,,,,,,,,,,0
2026-02-15 14:56:17,2026-02-15 14:59:53,Survey Preview,100,216,True,2026-02-15 14:59:53,R_6KdTvINkJenSwV3,preview,EN,,Yes,Yes,,Data / Analytics / Research,,Team lead / supervisor,,,True,Agree,Agree,Agree,Agree,,,1–3 times per month,,"Brainstorming or ideation,Data analysis,I do not use AI assistance tools",Disagree,Neither agree nor disagree,Neither agree nor disagree,Neither agree nor disagree,About average,Not sure,,Neither agree nor disagree,Disagree,Agree,Disagree,,Agree,j,Yes,1
2026-02-15 14:54:07,2026-02-15 15:05:27,Survey Preview,100,679,True,2026-02-15 15:05:27,R_3R3AhhoJld1rhD4,preview,EN,,No,No,,Data / Analytics / Research,,Individual contributor,,,True,,,,,,,,,,,,,,,,,,,,,,,,,0
2026-02-15 15:05:40,2026-02-15 15:09:04,Survey Preview,100,203,True,2026-02-15 15:09:04,R_3AU50XTAB0Re91f,preview,EN,,Yes,Yes,,Data / Analytics / Research,,Individual contributor,,,True,,,,,,,,,,,,,,,,,,,,,,,,,0
2026-02-15 15:09:12,2026-02-15 15:13:49,Survey Preview,100,276,True,2026-02-15 15:13:49,R_3fiBrxKioHKcIiw,preview,EN,,Yes,Yes,,Sales / Account Management,,Manager,,,True,Agree,Agree,Agree,Neither agree nor disagree,,,1–2 times per week,,Coding or debugging,Neither agree nor disagree,Agree,Agree,Agree,Above average,No,,Agree,Neither agree nor disagree,Neither agree nor disagree,Neither agree nor disagree,,Agree,TEST,Yes,1
2026-02-15 17:47:26,2026-02-15 17:51:22,Survey Preview,100,235,True,2026-02-15 17:51:22,R_39shxTrrnUijuq5,preview,EN,,No,No,,Finance / Accounting,,Manager,,,False,,,,,,,,,,,,,,,,,,,,,,,,,0
2026-02-15 17:52:00,2026-02-15 17:54:29,Survey Preview,100,148,True,2026-02-15 17:54:29,R_3IYVInglglCH5HM,preview,EN,,Yes,Yes,,Operations / Supply Chain,,Manager,,,True,Agree,Agree,Agree,Agree,,,Daily or more,,"Summarizing documents or messages,Brainstorming or ideation,Coding or debugging",Agree,Agree,Agree,Agree,Top 20%,Not sure,,Strongly agree,Strongly agree,Strongly agree,Neither agree nor disagree,,Agree,Work,Yes,1
2026-02-15 20:17:20,2026-02-15 20:24:00,Survey Preview,100,399,True,2026-02-15 20:24:00,R_6ExXiWNzZcsAL3v,preview,EN,,Yes,Yes,,Other (specify),,Other (specify),,,True,,,,,,,,,,,,,,,,,,,,,,,,,0
2026-02-15 20:24:18,2026-02-15 20:25:57,Survey Preview,100,99,True,2026-02-15 20:25:58,R_6vTycHcWdEsJYBj,preview,EN,,No,No,,Other (specify),,Other (specify),,,True,,,,,,,,,,,,,,,,,,,,,,,,,0
2026-02-15 20:26:16,2026-02-15 20:31:14,Survey Preview,100,298,True,2026-02-15 20:31:14,R_6lrZAvvLjoBBFz8,preview,EN,,Yes,Yes,,Data / Analytics / Research,,Individual contributor,,,True,Agree,Agree,Agree,Agree,,,Daily or more,,"Summarizing documents or messages,Brainstorming or ideation,I do not use AI assistance tools",Neither agree nor disagree,Agree,Agree,Agree,About average,No,,Strongly agree,Agree,Agree,Agree,,Agree,Test,Yes,1
2026-02-15 20:38:10,2026-02-15 20:38:48,Survey Preview,100,37,True,2026-02-15 20:38:48,R_6FJVi6Pfe3obNPR,preview,EN,,Yes,Yes,,Marketing / Communications,,Individual contributor,,,True,,,,,,,,,,,,,,,,,,,,,,,,,0
2026-02-15 20:39:50,2026-02-15 20:43:58,Survey Preview,100,247,True,2026-02-15 20:43:58,R_6SIxQuc6wATLDBW,preview,EN,,Yes,Yes,,Operations / Supply Chain,,Team lead / supervisor,,,False,Agree,Agree,Strongly agree,Strongly agree,,,Daily or more,,I do not use AI assistance tools,Strongly agree,Strongly agree,Strongly agree,Strongly agree,Top 20%,Yes,Far exceeds expectations,Agree,Agree,Strongly agree,Strongly agree,,Strongly agree,Test,Yes,1
2026-02-17 10:20:00,2026-02-17 10:20:23,Survey Preview,100,22,True,2026-02-17 10:20:23,R_67qhm5xBIORIa6t,preview,EN,,Yes,Yes,,Software / IT / Engineering,,Individual contributor,,,True,,,,,,,,,,,,,,,,,,,,,,,,,0
2026-02-17 10:20:39,2026-02-17 10:21:24,Survey Preview,100,45,True,2026-02-17 10:21:25,R_6EyrC9wqn38LWRu,preview,EN,,Yes,Yes,,Software / IT / Engineering,,Individual contributor,,,True,,,,,,,,,,,,,,,,,,,,,,,,,0
2026-02-20 16:50:05,2026-02-20 16:52:03,Survey Preview,100,117,True,2026-02-20 16:52:03,R_7MwuShkfJTHX4fD,preview,EN,1,No,No,40,Sales / Account Management,,Manager,,4,True,Disagree,Neither agree nor disagree,Agree,Disagree,"DisagreeMicrosoft Copilot (e.g., Copilot for Microsoft 365 / GitHub Copilot),Perplexity (or similar AI search assistant)",,3–4 times per week,10,Coding or debugging,Agree,Neither agree nor disagree,Agree,Agree,Above average,No,,Neither agree nor disagree,Disagree,Agree,Neither agree nor disagree,40,Disagree,IT,Yes,1
2026-02-20 16:52:40,2026-02-20 16:53:48,Survey Preview,100,68,True,2026-02-20 16:53:49,R_7iajOpBGbhckNp4,preview,EN,1,Yes,Yes,5,Operations / Supply Chain,,Senior manager / director,,5,True,Neither agree nor disagree,Agree,Neither agree nor disagree,Disagree,Neither agree nor disagreeGoogle Gemini (formerly Bard),,3–4 times per week,5,Coding or debugging,Neither agree nor disagree,Disagree,Disagree,Neither agree nor disagree,Above average,Not sure,,Neither agree nor disagree,Disagree,Neither agree nor disagree,Agree,5,Disagree,55,Yes,1
2026-02-23 10:07:13,2026-02-23 10:10:29,IP Address,100,195,True,2026-02-23 10:10:29,R_6DViTSCAAczoCkN,anonymous,EN,1,Yes,Yes,36,Customer Support / Service,,Individual contributor,,2,True,Agree,Agree,Strongly agree,Disagree,"Grammarly (or similar writing assistant),Other (please specify)",ChatGPT; Microsoft Co-Pilot,Daily or more,15,"Writing or editing text,Summarizing documents or messages,Brainstorming or ideation,Planning or outlining",Agree,Strongly agree,Strongly agree,Strongly disagree,Above average,Yes,Exceeds expectations,Strongly agree,Strongly agree,Agree,Strongly agree,5,Agree,I currently work as an Associate Marriage and Family therapist in a group practice setting,Yes,1
2026-02-23 10:08:08,2026-02-23 10:10:32,IP Address,100,144,True,2026-02-23 10:10:33,R_5fJA8hOj2KKbWq6,anonymous,EN,1,Yes,Yes,40,Operations / Supply Chain,,Individual contributor,,1,True,Agree,Disagree,Neither agree nor disagree,Agree,I do not use AI assistance tools,,Never,0,I do not use AI assistance tools,Strongly disagree,Strongly disagree,Strongly disagree,Neither agree nor disagree,About average,No,,Neither agree nor disagree,Agree,Neither agree nor disagree,Agree,26,Agree,"Test technician responsible for testing equipment to ensure full functionality ",Yes,1
2026-02-23 10:08:05,2026-02-23 10:10:35,IP Address,100,149,True,2026-02-23 10:10:35,R_3TTbsMCbFhjLsvj,anonymous,EN,1,Yes,Yes,40,Software / IT / Engineering,,Individual contributor,,1,True,Agree,Agree,Neither agree nor disagree,Agree,"Strongly disagreeChatGPT (OpenAI),Neither agree nor disagreeGoogle Gemini (formerly Bard)",,Daily or more,5,"Summarizing documents or messages,Brainstorming or ideation,Coding or debugging",Disagree,Agree,Agree,Disagree,About average,No,,Agree,Agree,Neither agree nor disagree,Agree,5,Agree,I'm a software developer,Yes,1
2026-02-23 10:07:21,2026-02-23 10:11:29,IP Address,100,248,True,2026-02-23 10:11:29,R_6eV61acyFOt3nDb,anonymous,EN,1,Yes,Yes,40,Operations / Supply Chain,,Manager,,4.6,True,Agree,Agree,Agree,Disagree,"Strongly disagreeChatGPT (OpenAI),Grammarly (or similar writing assistant),Perplexity (or similar AI search assistant)",,Daily or more,15,"Writing or editing text,Summarizing documents or messages,Coding or debugging,Data analysis",Agree,Agree,Agree,Neither agree nor disagree,Above average,Yes,Exceeds expectations,Agree,Agree,Neither agree nor disagree,Agree,40,Agree,Quality manager of a lab,Yes,1
2026-02-23 10:08:01,2026-02-23 10:11:57,IP Address,100,235,True,2026-02-23 10:11:57,R_19bI4TgWfOkdEu8,anonymous,EN,1,Yes,Yes,40,Other (specify),education,Individual contributor,,1.5,True,Agree,Agree,Agree,Disagree,Strongly disagreeChatGPT (OpenAI),,1–2 times per week,20,"Writing or editing text,Summarizing documents or messages,Brainstorming or ideation,Data analysis,Planning or outlining",Agree,Strongly agree,Agree,Disagree,Above average,Yes,Exceeds expectations,Agree,Agree,Agree,Agree,25,Agree,I teach nursing students in an associates degree nursing program.,Yes,1
2026-02-23 10:09:40,2026-02-23 10:12:28,IP Address,100,167,True,2026-02-23 10:12:28,R_12G1j0Z0s2BD9DV,anonymous,EN,1,Yes,Yes,40,Software / IT / Engineering,,Team lead / supervisor,,2,True,Agree,Neither agree nor disagree,Disagree,Strongly agree,"Strongly disagreeChatGPT (OpenAI),DisagreeMicrosoft Copilot (e.g., Copilot for Microsoft 365 / GitHub Copilot),Company-provided internal AI tool(s)",,Daily or more,10,"Writing or editing text,Summarizing documents or messages,Brainstorming or ideation,Data analysis,Planning or outlining",Agree,Agree,Neither agree nor disagree,Disagree,Top 20%,Yes,Exceeds expectations,Strongly agree,Strongly agree,Strongly agree,Strongly agree,20,Agree,"My primary job is to identify, analyze and report on cybersecurity risks.",Yes,1
2026-02-23 10:08:04,2026-02-23 10:12:49,IP Address,100,284,True,2026-02-23 10:12:50,R_1Ez2qd62gWkGARl,anonymous,EN,1,Yes,Yes,40,Software / IT / Engineering,,Manager,,4,True,Agree,Strongly agree,Agree,Strongly disagree,"Strongly disagreeChatGPT (OpenAI),Neither agree nor disagreeGoogle Gemini (formerly Bard),Grammarly (or similar writing assistant)",,Daily or more,2,"Writing or editing text,Summarizing documents or messages,Brainstorming or ideation",Agree,Agree,Strongly agree,Disagree,About average,Yes,Meets expectations,Strongly agree,Agree,Agree,Strongly agree,11,Agree,Project Manager,Yes,1
2026-02-23 10:09:03,2026-02-23 10:14:24,IP Address,100,321,True,2026-02-23 10:14:25,R_1n7sYE5UTwVHXQY,anonymous,EN,1,Yes,Yes,40,Sales / Account Management,,Senior manager / director,,9,True,Agree,Strongly agree,Neither agree nor disagree,Agree,"Strongly disagreeChatGPT (OpenAI),DisagreeMicrosoft Copilot (e.g., Copilot for Microsoft 365 / GitHub Copilot),Notion AI (or similar note/document assistant),Company-provided internal AI tool(s)",,3–4 times per week,50,"Writing or editing text,Brainstorming or ideation,Data analysis,Planning or outlining",Strongly agree,Agree,Agree,Neither agree nor disagree,About average,No,,Strongly agree,Agree,Strongly agree,Agree,12,Agree,I’m a senior supervisor of a large retail chain,Yes,1
2026-02-23 10:10:38,2026-02-23 10:14:30,IP Address,100,231,True,2026-02-23 10:14:30,R_3EzrkjeFyC73utK,anonymous,EN,1,Yes,Yes,52,Sales / Account Management,,Other (specify),owner/operator,11.7,True,Strongly agree,Strongly agree,Agree,Disagree,Other (please specify),grok,Daily or more,45,"Writing or editing text,Summarizing documents or messages,Brainstorming or ideation,Data analysis,Planning or outlining",Agree,Strongly agree,Strongly agree,Strongly disagree,About average,No,,Strongly agree,Agree,Neither agree nor disagree,Strongly agree,26,Agree,i am a small business owner/operator and am involved with all aspects of the business.,Yes,1
2026-02-23 10:09:54,2026-02-23 10:14:35,IP Address,100,280,True,2026-02-23 10:14:36,R_1VEuuj2qawKCe4N,anonymous,EN,0.6000000238418579,Yes,Yes,40,Software / IT / Engineering,,Team lead / supervisor,,7,True,Agree,Agree,Agree,Disagree,Grammarly (or similar writing assistant),,1–2 times per week,10,Writing or editing text,Disagree,Agree,Neither agree nor disagree,Neither agree nor disagree,About average,Yes,Exceeds expectations,Agree,Agree,Neither agree nor disagree,Agree,37,Agree,Keep the computers running.,Yes,1
2026-02-23 10:09:35,2026-02-23 10:14:51,IP Address,100,315,True,2026-02-23 10:14:51,R_1vhLArEDedHsSv7,anonymous,EN,1,Yes,Yes,40,Product / Program Management,,Manager,,3,True,Agree,Agree,Agree,Neither agree nor disagree,"Strongly disagreeChatGPT (OpenAI),DisagreeMicrosoft Copilot (e.g., Copilot for Microsoft 365 / GitHub Copilot)",,1–3 times per month,2,"Brainstorming or ideation,Coding or debugging,Planning or outlining",Disagree,Neither agree nor disagree,Disagree,Neither agree nor disagree,About average,Yes,Exceeds expectations,Agree,Agree,Disagree,Strongly agree,13,Agree,"Project management. ",Yes,1
2026-02-23 10:09:21,2026-02-23 10:14:53,IP Address,100,331,True,2026-02-23 10:14:53,R_7mkjNGr1b8WpFYN,anonymous,EN,1,Yes,Yes,40,Operations / Supply Chain,,Individual contributor,,6.2,True,Strongly agree,Strongly agree,Strongly agree,Strongly disagree,I do not use AI assistance tools,,Never,0,I do not use AI assistance tools,Strongly disagree,Neither agree nor disagree,Neither agree nor disagree,Neither agree nor disagree,Above average,Yes,Exceeds expectations,Strongly agree,Strongly agree,Strongly agree,Neither agree nor disagree,45,Agree,"I work for Shaw Industries in Dalton, Georgia which is the biggest floor supplier in the United States.",Yes,1
2026-02-23 10:10:36,2026-02-23 10:15:12,IP Address,100,275,True,2026-02-23 10:15:13,R_7t17IgVrqRiTqGR,anonymous,EN,1,Yes,Yes,40,Data / Analytics / Research,,Individual contributor,,3.5,True,Agree,Agree,Agree,Disagree,"Strongly disagreeChatGPT (OpenAI),Neither agree nor disagreeGoogle Gemini (formerly Bard)",,Daily or more,35,"Writing or editing text,Coding or debugging,Data analysis",Agree,Agree,Agree,Neither agree nor disagree,Above average,Yes,Meets expectations,Agree,Agree,Neither agree nor disagree,Agree,21,Agree,My primary job is performing genetic data analysis and writing manuscript.,Yes,1
2026-02-23 10:08:58,2026-02-23 10:15:41,IP Address,100,403,True,2026-02-23 10:15:41,R_3fOGEzK9vHtIx1h,anonymous,EN,1,Yes,Yes,40,Customer Support / Service,,Manager,,6,True,Agree,Agree,Agree,Neither agree nor disagree,Strongly disagreeChatGPT (OpenAI),,3–4 times per week,15,"Writing or editing text,Summarizing documents or messages",Agree,Agree,Agree,Disagree,Above average,Yes,Exceeds expectations,Agree,Agree,Agree,Agree,36,Agree,I manage the day-to-day operations of a Health Care Clinic.,Yes,1
2026-02-23 10:09:50,2026-02-23 10:15:44,IP Address,100,353,True,2026-02-23 10:15:44,R_3adifeMed38GelP,anonymous,EN,1,Yes,Yes,40,Marketing / Communications,,Team lead / supervisor,,7,True,Strongly agree,Strongly agree,Strongly agree,Strongly agree,"Notion AI (or similar note/document assistant),Company-provided internal AI tool(s)",,Daily or more,50,"Writing or editing text,Brainstorming or ideation,Data analysis,Planning or outlining",Strongly agree,Strongly agree,Strongly agree,Disagree,Top 20%,Yes,Exceeds expectations,Strongly agree,Agree,Agree,Agree,15,Agree,Project management i oversee a team of 7.,Yes,1
2026-02-23 10:11:54,2026-02-23 10:15:59,IP Address,100,244,True,2026-02-23 10:15:59,R_6wbs6FGVD39OSMV,anonymous,EN,1,Yes,Yes,40,Finance / Accounting,,Individual contributor,,1,True,Strongly agree,Neither agree nor disagree,Agree,Neither agree nor disagree,"Strongly disagreeChatGPT (OpenAI),DisagreeMicrosoft Copilot (e.g., Copilot for Microsoft 365 / GitHub Copilot)",,Daily or more,10,"Writing or editing text,Summarizing documents or messages,Brainstorming or ideation",Agree,Strongly agree,Agree,Disagree,Above average,Yes,Meets expectations,Agree,Agree,Agree,Strongly disagree,3,Agree,Financial Analyst,Yes,1
2026-02-23 10:08:29,2026-02-23 10:16:45,IP Address,100,495,True,2026-02-23 10:16:45,R_1wqA2d8CKZqBrQR,anonymous,EN,0.30000001192092896,Yes,Yes,62,Data / Analytics / Research,,Team lead / supervisor,,0.6,True,Strongly agree,Strongly agree,Strongly agree,Disagree,"Strongly disagreeChatGPT (OpenAI),Neither agree nor disagreeGoogle Gemini (formerly Bard),Grammarly (or similar writing assistant),Perplexity (or similar AI search assistant)",,3–4 times per week,60,"Writing or editing text,Summarizing documents or messages,Brainstorming or ideation,Data analysis,Planning or outlining",Strongly agree,Strongly agree,Strongly agree,Agree,Top 20%,Yes,Exceeds expectations,Strongly agree,Strongly agree,Agree,Agree,4,Agree,"i oversee workers ",Yes,1
2026-02-23 10:08:16,2026-02-23 10:16:55,IP Address,100,518,True,2026-02-23 10:16:56,R_5E5ftkUQtZArwgF,anonymous,EN,1,Yes,Yes,40,Customer Support / Service,,Individual contributor,,2,True,Agree,Agree,Agree,Disagree,"DisagreeMicrosoft Copilot (e.g., Copilot for Microsoft 365 / GitHub Copilot),Neither agree nor disagreeGoogle Gemini (formerly Bard),Company-provided internal AI tool(s)",,1–2 times per week,10,"Writing or editing text,Summarizing documents or messages,Planning or outlining",Agree,Agree,Neither agree nor disagree,Strongly disagree,Above average,Yes,Exceeds expectations,Strongly agree,Strongly agree,Strongly agree,Strongly agree,2,Agree,"I am a Customer Support Specialist, so my role involves assisting our customers and sales team with anything they may need.",Yes,1
2026-02-23 10:12:05,2026-02-23 10:16:57,IP Address,100,292,True,2026-02-23 10:16:58,R_5yefxOmr3thmDDt,anonymous,EN,1,Yes,Yes,60,Other (specify),Writing,Senior manager / director,,19,True,Agree,Agree,Disagree,Agree,I do not use AI assistance tools,,Less than once per month,0,Planning or outlining,Strongly disagree,Strongly disagree,Strongly disagree,Disagree,About average,No,,Neither agree nor disagree,Agree,Neither agree nor disagree,Agree,42,Agree,My primary job is working as a writer and freelance illustrator.,Yes,1
2026-02-23 10:08:39,2026-02-23 10:16:58,IP Address,100,499,True,2026-02-23 10:16:59,R_68d6FSveJOHd5df,anonymous,EN,0.8999999761581421,Yes,Yes,40,Customer Support / Service,,Individual contributor,,4,True,Agree,Agree,Strongly agree,Disagree,"Strongly disagreeChatGPT (OpenAI),DisagreeMicrosoft Copilot (e.g., Copilot for Microsoft 365 / GitHub Copilot),Company-provided internal AI tool(s)",,Daily or more,70,"Writing or editing text,Summarizing documents or messages",Agree,Agree,Agree,Agree,About average,No,,Strongly agree,Strongly agree,Agree,Agree,4,Agree,"I am a Sales agent who also helps with customer support inquiries. ",Yes,1
2026-02-23 10:11:14,2026-02-23 10:17:23,IP Address,100,368,True,2026-02-23 10:17:23,R_5dmv66hl6yqMVfE,anonymous,EN,1,Yes,Yes,50,Data / Analytics / Research,,Manager,,12,True,Agree,Agree,Agree,Disagree,"Strongly disagreeChatGPT (OpenAI),Neither agree nor disagreeGoogle Gemini (formerly Bard),AgreeClaude (Anthropic)",,Daily or more,8,"Writing or editing text,Summarizing documents or messages,Brainstorming or ideation,Coding or debugging,Data analysis",Agree,Agree,Agree,Disagree,Above average,Yes,Exceeds expectations,Agree,Agree,Strongly agree,Strongly agree,34,Agree,I perform data analysis and data maintenance for a business services company.,Yes,1
2026-02-23 10:09:30,2026-02-23 10:18:04,IP Address,100,514,True,2026-02-23 10:18:05,R_1UVlPI4zWYp2ofW,anonymous,EN,1,Yes,Yes,40,Product / Program Management,,Manager,,6,True,Agree,Agree,Strongly agree,Disagree,Strongly disagreeChatGPT (OpenAI),,Less than once per month,5,"Writing or editing text,Data analysis",Disagree,Agree,Neither agree nor disagree,Neither agree nor disagree,Above average,Yes,Exceeds expectations,Strongly agree,Strongly agree,Strongly agree,Strongly agree,19,Agree,Office manager for agriculture company,Yes,1
2026-02-23 10:09:52,2026-02-23 10:19:37,IP Address,100,585,True,2026-02-23 10:19:37,R_1GEtUiBhRiNv4YJ,anonymous,EN,1,Yes,Yes,40,Other (specify),Education,Team lead / supervisor,,13.5,True,Agree,Agree,Neither agree nor disagree,Neither agree nor disagree,"Strongly disagreeChatGPT (OpenAI),Neither agree nor disagreeGoogle Gemini (formerly Bard)",,Daily or more,20,"Writing or editing text,Summarizing documents or messages,Brainstorming or ideation,Planning or outlining",Neither agree nor disagree,Strongly agree,Strongly agree,Strongly disagree,Above average,Yes,Exceeds expectations,Strongly agree,Strongly agree,Strongly agree,Strongly agree,13.5,Agree,I teach students math:,Yes,1
2026-02-23 10:07:56,2026-02-23 10:21:04,IP Address,100,787,True,2026-02-23 10:21:04,R_7ReGxAfHGLvkHwu,anonymous,EN,0.800000011920929,Yes,Yes,40,Customer Support / Service,,Individual contributor,,3.5,True,Strongly agree,Agree,Agree,Disagree,I do not use AI assistance tools,,Never,0,I do not use AI assistance tools,Disagree,Neither agree nor disagree,Neither agree nor disagree,Strongly disagree,About average,Yes,Exceeds expectations,Agree,Agree,Disagree,Agree,10,Agree,I schedule appointments for eye doctors,Yes,1
2026-02-23 10:11:13,2026-02-23 10:21:34,IP Address,100,621,True,2026-02-23 10:21:35,R_7EJZqs35og10e0x,anonymous,EN,0.8999999761581421,Yes,Yes,40,Finance / Accounting,,Individual contributor,,5,True,Strongly agree,Agree,Agree,Neither agree nor disagree,Strongly disagreeChatGPT (OpenAI),,1–2 times per week,10,Data analysis,Disagree,Agree,Agree,Strongly disagree,About average,Yes,Exceeds expectations,Agree,Neither agree nor disagree,Disagree,Agree,16,Agree,I process loans for a non-profit that provides financing to small business owners that want to buy the building that they current rent.,Yes,1
2026-02-23 10:12:00,2026-02-23 10:22:18,IP Address,100,617,True,2026-02-23 10:22:18,R_11hfA3smaiYEoXD,anonymous,EN,1,Yes,Yes,40,Customer Support / Service,,Team lead / supervisor,,6.5,True,Agree,Strongly agree,Agree,Neither agree nor disagree,"Strongly disagreeChatGPT (OpenAI),Grammarly (or similar writing assistant)",,1–3 times per month,5,"Data analysis,Planning or outlining",Neither agree nor disagree,Agree,Agree,Disagree,Above average,Yes,Exceeds expectations,Strongly agree,Strongly agree,Agree,Agree,25,Agree,My primary job is to manage the operation of a college library,Yes,1
2026-02-23 10:08:52,2026-02-23 10:25:45,IP Address,100,1012,True,2026-02-23 10:25:46,R_1k0xfRC5ryEUlCl,anonymous,EN,1,Yes,Yes,45,Operations / Supply Chain,,Team lead / supervisor,,3,True,Agree,Strongly agree,Neither agree nor disagree,Agree,"DisagreeMicrosoft Copilot (e.g., Copilot for Microsoft 365 / GitHub Copilot)",,1–2 times per week,5,"Writing or editing text,Summarizing documents or messages,Planning or outlining",Neither agree nor disagree,Agree,Strongly agree,Agree,Top 20%,Yes,Far exceeds expectations,Strongly agree,Strongly agree,Strongly agree,Strongly agree,21,Agree,"I handle all same-day and/or service calls for a commercial and residential electrical company, while managing a team of service technicians. ",Yes,1
2026-02-23 10:10:39,2026-02-23 10:26:19,IP Address,100,939,True,2026-02-23 10:26:19,R_5hXZBaypfTdj5Jd,anonymous,EN,1,Yes,Yes,40,Software / IT / Engineering,,Manager,,8,True,Strongly agree,Agree,Strongly agree,Disagree,"Strongly disagreeChatGPT (OpenAI),Grammarly (or similar writing assistant)",,3–4 times per week,45,"Summarizing documents or messages,Brainstorming or ideation,Planning or outlining",Agree,Strongly agree,Agree,Neither agree nor disagree,Above average,Yes,Exceeds expectations,Strongly agree,Strongly agree,Agree,Agree,19,Agree,my job is being an IT Manager in my company,Yes,1
2026-02-23 10:11:01,2026-02-23 10:26:47,IP Address,100,945,True,2026-02-23 10:26:47,R_3JCmGIpAZcoLu4B,anonymous,EN,1,Yes,Yes,40,Customer Support / Service,,Individual contributor,,4,True,Agree,Agree,Agree,Strongly agree,Company-provided internal AI tool(s),,Less than once per month,5,"Summarizing documents or messages,Data analysis",Disagree,Strongly agree,Agree,Agree,About average,Yes,Exceeds expectations,Agree,Strongly agree,Agree,Agree,11,Agree,Client service management and retention,Yes,1
2026-02-23 10:48:59,2026-02-23 10:54:40,IP Address,100,340,True,2026-02-23 10:54:40,R_7WpAfjXeyJrRRAt,anonymous,EN,1,Yes,Yes,40,Marketing / Communications,,Individual contributor,,2,True,Agree,Agree,Strongly agree,Disagree,"Strongly disagreeChatGPT (OpenAI),Grammarly (or similar writing assistant)",,1–2 times per week,30,"Writing or editing text,Summarizing documents or messages,Data analysis",Neither agree nor disagree,Agree,Agree,Disagree,About average,Yes,Exceeds expectations,Agree,Agree,Neither agree nor disagree,Agree,17,Agree,Digital marketing for a real estate company,Yes,1
2026-02-23 10:08:06,2026-02-23 10:08:24,IP Address,10,17,False,2026-02-23 11:08:25,R_1ndAARFllJdTmVP,anonymous,EN,1,Yes,Yes,,,,,,,,,,,,,,,,,,,,,,,,,,,,,,,,1
2026-02-25 10:27:47,2026-02-25 10:30:21,IP Address,100,154,True,2026-02-25 10:30:22,R_6woJqaDOhayuvIZ,anonymous,EN,1,Yes,Yes,40,Software / IT / Engineering,,Individual contributor,,0.5,True,Neither agree nor disagree,Disagree,Disagree,Strongly agree,"DisagreeMicrosoft Copilot (e.g., Copilot for Microsoft 365 / GitHub Copilot)",,Daily or more,10,"Writing or editing text,Summarizing documents or messages,Brainstorming or ideation,Planning or outlining",Neither agree nor disagree,Agree,Agree,Disagree,About average,No,,Agree,Agree,Neither agree nor disagree,Agree,6.5,Agree,"Internal auditing of software teams for new cybersecurity related standards and certifications ",Yes,1
2026-02-25 10:27:58,2026-02-25 10:30:37,IP Address,100,158,True,2026-02-25 10:30:38,R_6QRjKFwAsyrBNWY,anonymous,EN,1,Yes,Yes,40,Other (specify),Law,Manager,,13,True,Agree,Agree,Agree,Agree,I do not use AI assistance tools,,Never,0,I do not use AI assistance tools,Disagree,Disagree,Disagree,Disagree,Below average,Yes,Exceeds expectations,Agree,Agree,Agree,Agree,25,Agree,I am a police officer.,Yes,1
2026-02-25 10:28:33,2026-02-25 10:30:59,IP Address,100,146,True,2026-02-25 10:31:00,R_7akJSc4Mzs9D4I4,anonymous,EN,1,Yes,Yes,40,Software / IT / Engineering,,Individual contributor,,14.5,True,Agree,Agree,Agree,Neither agree nor disagree,Strongly disagreeChatGPT (OpenAI),,Less than once per month,1,Coding or debugging,Disagree,Neither agree nor disagree,Agree,Neither agree nor disagree,About average,Yes,Exceeds expectations,Agree,Agree,Neither agree nor disagree,Strongly agree,28,Agree,I am a consulting software tester.,Yes,1
2026-02-25 10:28:05,2026-02-25 10:31:16,IP Address,100,191,True,2026-02-25 10:31:16,R_7fHIcSP2DnvyPaX,anonymous,EN,1,Yes,Yes,45,Operations / Supply Chain,,Manager,,6,True,Agree,Agree,Agree,Disagree,"DisagreeMicrosoft Copilot (e.g., Copilot for Microsoft 365 / GitHub Copilot),Neither agree nor disagreeGoogle Gemini (formerly Bard),Grammarly (or similar writing assistant),Perplexity (or similar AI search assistant)",,3–4 times per week,10,"Writing or editing text,Summarizing documents or messages,Data analysis",Agree,Strongly agree,Strongly agree,Disagree,Above average,Yes,Exceeds expectations,Strongly agree,Strongly agree,Strongly agree,Strongly agree,28,Agree,I am a caretaker and a manager.,Yes,1
2026-02-25 10:28:23,2026-02-25 10:31:20,IP Address,100,177,True,2026-02-25 10:31:21,R_3Nx1m6gMMIKSQcT,anonymous,EN,1,Yes,Yes,40,Operations / Supply Chain,,Individual contributor,,3,True,Disagree,Strongly disagree,Disagree,Disagree,"DisagreeMicrosoft Copilot (e.g., Copilot for Microsoft 365 / GitHub Copilot)",,1–3 times per month,10,Writing or editing text,Disagree,Disagree,Agree,Agree,About average,No,,Agree,Agree,Disagree,Agree,3,Agree,"I am an engineer at an environmental consulting company ",Yes,1
2026-02-25 10:27:48,2026-02-25 10:31:28,IP Address,100,220,True,2026-02-25 10:31:29,R_7Esf8C1ci3exp4O,anonymous,EN,1,Yes,Yes,40,Finance / Accounting,,Individual contributor,,2.5,True,Neither agree nor disagree,Disagree,Disagree,Agree,I do not use AI assistance tools,,Less than once per month,2,I do not use AI assistance tools,Strongly disagree,Strongly disagree,Strongly disagree,Strongly disagree,Above average,No,,Strongly agree,Agree,Agree,Strongly agree,14.5,Agree,I process accounts receivable and payable as well as process payroll and expense processing,Yes,1
2026-02-25 10:28:23,2026-02-25 10:31:31,IP Address,100,187,True,2026-02-25 10:31:31,R_3inxSdMDYoGLyH5,anonymous,EN,1,Yes,Yes,40,Other (specify),Elections Technology,Individual contributor,,10,True,Agree,Agree,Agree,Disagree,Strongly disagreeChatGPT (OpenAI),,Less than once per month,1,"Brainstorming or ideation,Coding or debugging,Planning or outlining",Strongly disagree,Agree,Agree,Disagree,Top 20%,No,,Strongly agree,Strongly agree,Strongly agree,Strongly agree,10,Agree,To create ballot tabulation databases,Yes,1
2026-02-25 10:27:47,2026-02-25 10:32:33,IP Address,100,285,True,2026-02-25 10:32:33,R_6IzQlN09Ditsslo,anonymous,EN,1,Yes,Yes,40,Finance / Accounting,,Manager,,9,True,Strongly agree,Strongly agree,Agree,Disagree,Strongly disagreeChatGPT (OpenAI),,3–4 times per week,5,"Summarizing documents or messages,Brainstorming or ideation",Agree,Agree,Agree,Disagree,Above average,Yes,Exceeds expectations,Agree,Agree,Agree,Strongly agree,15,Agree,"Accounting and payroll. ",Yes,1
2026-02-25 10:31:00,2026-02-25 10:33:27,IP Address,100,147,True,2026-02-25 10:33:28,R_6ONhBkdkjvPjIoa,anonymous,EN,1,Yes,Yes,50,Product / Program Management,,Manager,,18,True,Strongly agree,Strongly agree,Strongly agree,Strongly disagree,I do not use AI assistance tools,,Never,0,I do not use AI assistance tools,Strongly disagree,Strongly disagree,Strongly disagree,Strongly disagree,Top 20%,Yes,Exceeds expectations,Strongly agree,Strongly agree,Strongly agree,Neither agree nor disagree,33,Agree,I run a crew that builds and remodels homes,Yes,1
2026-02-25 10:31:06,2026-02-25 10:33:49,IP Address,100,162,True,2026-02-25 10:33:49,R_7xj0OCin1pTVRyV,anonymous,EN,1,Yes,Yes,40,Software / IT / Engineering,,Individual contributor,,4,True,Neither agree nor disagree,Disagree,Strongly disagree,Strongly agree,"DisagreeMicrosoft Copilot (e.g., Copilot for Microsoft 365 / GitHub Copilot)",,3–4 times per week,1,"Writing or editing text,Brainstorming or ideation,Data analysis,Planning or outlining",Neither agree nor disagree,Strongly agree,Agree,Neither agree nor disagree,Above average,Yes,Meets expectations,Strongly agree,Strongly agree,Strongly agree,Agree,20,Agree,I am an R&D Engineer in a building materials company and I work on developing new products at a lab scale,Yes,1
2026-02-25 10:30:14,2026-02-25 10:33:49,IP Address,100,215,True,2026-02-25 10:33:50,R_7DV5GOeohPrHi1P,anonymous,EN,1,Yes,Yes,40,Operations / Supply Chain,,Executive,,3,True,Agree,Agree,Agree,Disagree,Neither agree nor disagreeGoogle Gemini (formerly Bard),,1–3 times per month,5,"Writing or editing text,Brainstorming or ideation,Planning or outlining",Disagree,Agree,Agree,Disagree,About average,No,,Agree,Agree,Agree,Agree,30,Agree,"Owner, e-commerce business.",Yes,1
2026-02-25 10:30:26,2026-02-25 10:33:51,IP Address,100,205,True,2026-02-25 10:33:52,R_6rd1TDp0S70tRct,anonymous,EN,0.8999999761581421,Yes,Yes,50,Sales / Account Management,,Individual contributor,,18,True,Disagree,Agree,Disagree,Strongly agree,Strongly disagreeChatGPT (OpenAI),,1–2 times per week,10,"Writing or editing text,Coding or debugging",Disagree,Agree,Agree,Neither agree nor disagree,Above average,Yes,Exceeds expectations,Strongly agree,Strongly agree,Agree,Agree,30,Agree,"I am a Sales Engineer for a start up software company. ",Yes,1
2026-02-25 10:28:02,2026-02-25 10:34:19,IP Address,100,377,True,2026-02-25 10:34:20,R_16Valmy65iacRXP,anonymous,EN,1,Yes,Yes,40,Other (specify),Consulting,Individual contributor,,1,True,Agree,Neither agree nor disagree,Agree,Strongly disagree,Strongly disagreeChatGPT (OpenAI),,1–3 times per month,5,Summarizing documents or messages,Strongly disagree,Agree,Agree,Strongly disagree,About average,No,,Agree,Agree,Agree,Neither agree nor disagree,7,Agree,"I work with Architects and Engineers on their designs as I prepare their drawings to be ready to be filed at the Department of Buildings ",Yes,1
2026-02-25 10:28:12,2026-02-25 10:34:27,IP Address,100,375,True,2026-02-25 10:34:28,R_6ZGn3gE8uC2f30t,anonymous,EN,1,Yes,Yes,50,Operations / Supply Chain,,Team lead / supervisor,,6,True,Disagree,Disagree,Strongly disagree,Strongly agree,Strongly disagreeChatGPT (OpenAI),,Daily or more,10,"Writing or editing text,Summarizing documents or messages,Brainstorming or ideation",Strongly agree,Strongly agree,Strongly agree,Disagree,Above average,Yes,Far exceeds expectations,Strongly agree,Strongly agree,Strongly agree,Strongly agree,11,Agree,I manage a team that assemebles motor control systems,Yes,1
2026-02-25 10:31:46,2026-02-25 10:34:45,IP Address,100,179,True,2026-02-25 10:34:46,R_1HpkqgiXNI63m3l,anonymous,EN,0.8999999761581421,Yes,Yes,40,Other (specify),Forestry/Logging,Individual contributor,,13,True,Strongly agree,Strongly agree,Strongly agree,Strongly disagree,I do not use AI assistance tools,,Never,0,I do not use AI assistance tools,Strongly disagree,Neither agree nor disagree,Neither agree nor disagree,Disagree,About average,Yes,Meets expectations,Strongly agree,Strongly agree,Agree,Strongly agree,13,Agree,"I work in a small team on trees; falling, pruning, etc.",Yes,1
2026-02-25 10:32:25,2026-02-25 10:34:50,IP Address,100,145,True,2026-02-25 10:34:51,R_5tYcQpAfWf43Smt,anonymous,EN,1,Yes,Yes,40,Software / IT / Engineering,,Individual contributor,,18,True,Agree,Agree,Agree,Disagree,I do not use AI assistance tools,,Never,0,I do not use AI assistance tools,Strongly disagree,Strongly disagree,Strongly disagree,Agree,About average,Yes,Exceeds expectations,Strongly agree,Strongly agree,Strongly agree,Disagree,18,Agree,I am a web application tester.,Yes,1
2026-02-25 10:31:51,2026-02-25 10:34:57,IP Address,100,186,True,2026-02-25 10:34:58,R_1yj9LwF5s2ZPdki,anonymous,EN,1,Yes,Yes,40,Other (specify),"Scientist ",Individual contributor,,5,True,Agree,Agree,Agree,Agree,Strongly disagreeChatGPT (OpenAI),,1–3 times per month,1,Writing or editing text,Disagree,Agree,Agree,Agree,About average,Yes,Meets expectations,Agree,Agree,Agree,Agree,10,Agree,"Scientist working in biosafety testing ",Yes,1
2026-02-25 10:32:01,2026-02-25 10:35:22,IP Address,100,201,True,2026-02-25 10:35:22,R_7Z8tGxOviqQmP1T,anonymous,EN,1,Yes,Yes,40,Product / Program Management,,Manager,,5,True,Agree,Agree,Agree,Agree,"DisagreeMicrosoft Copilot (e.g., Copilot for Microsoft 365 / GitHub Copilot),Company-provided internal AI tool(s)",,1–2 times per week,5,"Data analysis,Planning or outlining",Disagree,Neither agree nor disagree,Neither agree nor disagree,Agree,About average,Yes,Below expectations,Strongly agree,Agree,Neither agree nor disagree,Agree,14,Agree,I am a Program Manager,Yes,1
2026-02-25 10:27:38,2026-02-25 10:35:23,IP Address,100,464,True,2026-02-25 10:35:24,R_65MijN9s1dGV5VT,anonymous,EN,1,Yes,Yes,40,Finance / Accounting,,Manager,,1.6,True,Agree,Agree,Agree,Disagree,"Strongly disagreeChatGPT (OpenAI),DisagreeMicrosoft Copilot (e.g., Copilot for Microsoft 365 / GitHub Copilot),Perplexity (or similar AI search assistant)",,3–4 times per week,25,"Writing or editing text,Summarizing documents or messages,Data analysis",Agree,Strongly agree,Strongly agree,Strongly disagree,Above average,Yes,Exceeds expectations,Strongly agree,Strongly agree,Strongly agree,Agree,8,Agree,"Financial reporting and budgets ",Yes,1
2026-02-25 10:32:21,2026-02-25 10:35:33,IP Address,100,191,True,2026-02-25 10:35:33,R_1etyA8eGOSd6LzW,anonymous,EN,1,Yes,Yes,40,Data / Analytics / Research,,Individual contributor,,1,True,Neither agree nor disagree,Disagree,Disagree,Agree,"Strongly disagreeChatGPT (OpenAI),DisagreeMicrosoft Copilot (e.g., Copilot for Microsoft 365 / GitHub Copilot)",,3–4 times per week,10,"Writing or editing text,Summarizing documents or messages,Coding or debugging,Data analysis",Neither agree nor disagree,Agree,Disagree,Strongly agree,About average,No,,Agree,Strongly agree,Disagree,Strongly agree,8,Agree,I am a scientist.,Yes,1
2026-02-25 10:29:49,2026-02-25 10:35:51,IP Address,100,361,True,2026-02-25 10:35:51,R_5qBdrhgskJ4skmJ,anonymous,EN,1,Yes,Yes,35,Other (specify),education,Manager,,9,True,Agree,Agree,Neither agree nor disagree,Agree,"DisagreeMicrosoft Copilot (e.g., Copilot for Microsoft 365 / GitHub Copilot),Grammarly (or similar writing assistant)",,Daily or more,30,"Writing or editing text,Summarizing documents or messages,Brainstorming or ideation,Planning or outlining",Neither agree nor disagree,Agree,Agree,Neither agree nor disagree,About average,Yes,Meets expectations,Agree,Agree,Agree,Agree,9,Agree,I am a teacher at a charter school,Yes,1
2026-02-25 10:33:04,2026-02-25 10:35:56,IP Address,100,171,True,2026-02-25 10:35:56,R_6s4et7Tp1Z6zUH6,anonymous,EN,1,Yes,Yes,40,Software / IT / Engineering,,Individual contributor,,1.75,True,Agree,Agree,Neither agree nor disagree,Agree,Strongly disagreeChatGPT (OpenAI),,Daily or more,40,Coding or debugging,Strongly agree,Strongly agree,Strongly agree,Neither agree nor disagree,Above average,Yes,Exceeds expectations,Strongly agree,Strongly agree,Strongly agree,Strongly agree,6,Agree,"I am a software developer tasked with writing code, tests, implementing new features, and fixing bugs.",Yes,1
2026-02-25 10:30:15,2026-02-25 10:36:27,IP Address,100,372,True,2026-02-25 10:36:27,R_5RNLod3XsrMeeI1,anonymous,EN,1,Yes,Yes,32,Customer Support / Service,,Individual contributor,,9.3,True,Strongly agree,Neither agree nor disagree,Strongly agree,Strongly disagree,I do not use AI assistance tools,,Never,0,I do not use AI assistance tools,Strongly disagree,Strongly disagree,Strongly disagree,Neither agree nor disagree,About average,No,,Neither agree nor disagree,Neither agree nor disagree,Neither agree nor disagree,Neither agree nor disagree,32.3,Agree,customer service for a logistics company,Yes,1
2026-02-25 10:33:09,2026-02-25 10:37:03,IP Address,100,233,True,2026-02-25 10:37:03,R_6rx30NE89vzOoct,anonymous,EN,1,Yes,Yes,40,Sales / Account Management,,Senior manager / director,,3,True,Neither agree nor disagree,Neither agree nor disagree,Agree,Agree,"Strongly disagreeChatGPT (OpenAI),DisagreeMicrosoft Copilot (e.g., Copilot for Microsoft 365 / GitHub Copilot),Grammarly (or similar writing assistant),Perplexity (or similar AI search assistant)",,3–4 times per week,20,"Writing or editing text,Summarizing documents or messages,Brainstorming or ideation,Planning or outlining",Agree,Agree,Agree,Disagree,About average,Yes,Meets expectations,Agree,Agree,Agree,Agree,22,Agree,I am responsible for sales in my organization.,Yes,1
2026-02-25 10:34:40,2026-02-25 10:37:21,IP Address,100,161,True,2026-02-25 10:37:22,R_5nUd4eSVBh6EoPn,anonymous,EN,1,Yes,Yes,40,Data / Analytics / Research,,Individual contributor,,2,True,Agree,Agree,Agree,Neither agree nor disagree,"Strongly disagreeChatGPT (OpenAI),Neither agree nor disagreeGoogle Gemini (formerly Bard)",,3–4 times per week,15,"Writing or editing text,Summarizing documents or messages,Brainstorming or ideation,Coding or debugging,Planning or outlining",Neither agree nor disagree,Agree,Neither agree nor disagree,Neither agree nor disagree,Above average,Yes,Far exceeds expectations,Strongly agree,Agree,Agree,Strongly agree,13,Agree,I run data analysis for an HR/leadership/coaching consultancy firm,Yes,1
2026-02-25 10:33:18,2026-02-25 10:37:41,IP Address,100,263,True,2026-02-25 10:37:41,R_1KuT3XZEPAov7dO,anonymous,EN,1,Yes,Yes,40,Customer Support / Service,,Individual contributor,,8,True,Agree,Agree,Agree,Agree,"DisagreeMicrosoft Copilot (e.g., Copilot for Microsoft 365 / GitHub Copilot)",,1–2 times per week,20,Summarizing documents or messages,Agree,Agree,Strongly agree,Agree,About average,No,,Agree,Agree,Agree,Agree,22,Agree,I work as a caregiver helping seniors,Yes,1
2026-02-25 10:29:58,2026-02-25 10:37:44,IP Address,100,465,True,2026-02-25 10:37:44,R_3SAWpWs0kiFdJuG,anonymous,EN,1,Yes,Yes,40,Data / Analytics / Research,,Individual contributor,,9,True,Agree,Agree,Agree,Disagree,"DisagreeMicrosoft Copilot (e.g., Copilot for Microsoft 365 / GitHub Copilot)",,Less than once per month,3,"Brainstorming or ideation,Planning or outlining",Disagree,Agree,Neither agree nor disagree,Disagree,Above average,Yes,Exceeds expectations,Agree,Agree,Strongly agree,Strongly agree,9,Agree,I perform DNA extraction on crop samples,Yes,1
2026-02-25 10:34:13,2026-02-25 10:38:03,IP Address,100,230,True,2026-02-25 10:38:04,R_5XYKH6T8j8wItUJ,anonymous,EN,1,Yes,Yes,40,Other (specify),"Administrative ",Individual contributor,,8.5,True,Strongly agree,Strongly agree,Strongly agree,Disagree,Strongly disagreeChatGPT (OpenAI),,Daily or more,35,"Writing or editing text,Summarizing documents or messages,Brainstorming or ideation,Data analysis,Planning or outlining",Strongly agree,Strongly agree,Strongly agree,Strongly disagree,Above average,Yes,Exceeds expectations,Strongly agree,Agree,Agree,Strongly agree,26,Agree,"I am an office technician who performs data entry and data analysis. ",Yes,1
2026-02-25 10:34:39,2026-02-25 10:38:30,IP Address,100,231,True,2026-02-25 10:38:30,R_5rTASbAC4zZ1hnL,anonymous,EN,1,Yes,Yes,40,Data / Analytics / Research,,Individual contributor,,1.8,True,Agree,Neither agree nor disagree,Disagree,Strongly agree,Company-provided internal AI tool(s),,Daily or more,80,"Summarizing documents or messages,Data analysis",Strongly agree,Neither agree nor disagree,Neither agree nor disagree,Agree,About average,Yes,Below expectations,Strongly agree,Neither agree nor disagree,Agree,Agree,5,Agree,Rating and classifying any issues in terms of AI helpfulness in terms of search quality.,Yes,1
2026-02-25 10:34:19,2026-02-25 10:38:30,IP Address,100,251,True,2026-02-25 10:38:31,R_3OUAZxOwxWYHq1t,anonymous,EN,1,Yes,Yes,40,Software / IT / Engineering,,Team lead / supervisor,,3,True,Agree,Agree,Agree,Disagree,Other (please specify),ChatGPT,Daily or more,30,"Writing or editing text,Summarizing documents or messages,Brainstorming or ideation,Coding or debugging,Data analysis",Strongly agree,Strongly agree,Strongly agree,Strongly disagree,Top 20%,No,,Strongly agree,Strongly agree,Strongly agree,Strongly agree,27,Agree,Computer programmer lead,Yes,1
2026-02-25 10:35:28,2026-02-25 10:39:24,IP Address,100,236,True,2026-02-25 10:39:25,R_3lnkPvGHEmWhxWT,anonymous,EN,1,Yes,Yes,45,Other (specify),I do all of the above aside from operation.,Senior manager / director,,9.0,True,Disagree,Disagree,Disagree,Agree,Strongly disagreeChatGPT (OpenAI),,Daily or more,10,"Writing or editing text,Summarizing documents or messages,Brainstorming or ideation",Agree,Agree,Agree,Disagree,Top 20%,No,,Strongly agree,Strongly agree,Agree,Strongly agree,27,Agree,"I manage the whole company a/p, a/r, sales, IT, dispatch, admin etc.",Yes,1
2026-02-25 10:38:12,2026-02-25 10:39:57,IP Address,100,105,True,2026-02-25 10:39:57,R_6Ufm44K8F2705du,anonymous,EN,1,Yes,Yes,40,Data / Analytics / Research,,Individual contributor,,3,True,Agree,Agree,Agree,Neither agree nor disagree,I do not use AI assistance tools,,Never,0,I do not use AI assistance tools,Disagree,Disagree,Disagree,Disagree,About average,No,,Agree,Agree,Agree,Neither agree nor disagree,37,Agree,"I do freelance data entry ",Yes,1
2026-02-25 10:36:44,2026-02-25 10:40:13,IP Address,100,208,True,2026-02-25 10:40:13,R_6OH0lArIGQSxFXL,anonymous,EN,1,Yes,Yes,40,Product / Program Management,,Senior manager / director,,8,True,Disagree,Agree,Agree,Disagree,Strongly disagreeChatGPT (OpenAI),,3–4 times per week,25,"Writing or editing text,Brainstorming or ideation,Planning or outlining",Agree,Strongly agree,Strongly agree,Disagree,Above average,No,,Agree,Agree,Agree,Agree,35,Agree,Director of Operations for an event company,Yes,1
2026-02-25 10:34:20,2026-02-25 10:40:25,IP Address,100,365,True,2026-02-25 10:40:26,R_7VLk8Vnm1e3KgJH,anonymous,EN,1,Yes,Yes,60,Other (specify),Graphic Design,Executive,,2,True,Agree,Agree,Agree,Disagree,Neither agree nor disagreeGoogle Gemini (formerly Bard),,Daily or more,30,"Summarizing documents or messages,Planning or outlining",Agree,Agree,Agree,Disagree,About average,No,,Neither agree nor disagree,Neither agree nor disagree,Agree,Agree,30,Agree,I am a graphic designer,Yes,1
2026-02-25 10:36:59,2026-02-25 10:40:28,IP Address,100,209,True,2026-02-25 10:40:29,R_3hyF5Xb7rDz6wt3,anonymous,EN,1,Yes,Yes,40,Legal / Compliance,,Manager,,1,True,Strongly agree,Strongly agree,Neither agree nor disagree,Strongly agree,"Strongly disagreeChatGPT (OpenAI),DisagreeMicrosoft Copilot (e.g., Copilot for Microsoft 365 / GitHub Copilot)",,Daily or more,10,"Writing or editing text,Summarizing documents or messages,Brainstorming or ideation,Planning or outlining",Agree,Strongly agree,Agree,Disagree,Above average,Yes,Exceeds expectations,Strongly agree,Strongly agree,Strongly agree,Agree,8,Agree,QA Manager,Yes,1
2026-02-25 10:35:43,2026-02-25 10:40:55,IP Address,100,311,True,2026-02-25 10:40:55,R_1eRI0R6Rzhmb0i2,anonymous,EN,1,Yes,Yes,40,Data / Analytics / Research,,Individual contributor,,2.7,True,Strongly agree,Strongly agree,Agree,Disagree,"Strongly disagreeChatGPT (OpenAI),DisagreeMicrosoft Copilot (e.g., Copilot for Microsoft 365 / GitHub Copilot),Neither agree nor disagreeGoogle Gemini (formerly Bard),Other (please specify)",deepseek,Daily or more,10,"Summarizing documents or messages,Brainstorming or ideation,Coding or debugging,Data analysis",Agree,Agree,Strongly agree,Strongly disagree,Above average,Yes,Exceeds expectations,Agree,Agree,Agree,Strongly agree,14,Agree,data analyst,Yes,1
2026-02-25 10:34:39,2026-02-25 10:41:30,IP Address,100,411,True,2026-02-25 10:41:31,R_54wwPHytddtKob7,anonymous,EN,1,Yes,Yes,36,Customer Support / Service,,Team lead / supervisor,,1,True,Agree,Agree,Agree,Disagree,I do not use AI assistance tools,,Never,0,I do not use AI assistance tools,Strongly disagree,Disagree,Disagree,Disagree,Above average,No,,Strongly agree,Agree,Agree,Agree,20,Agree,veterinary nurse in a small animal clinic,Yes,1
2026-02-25 10:36:12,2026-02-25 10:41:31,IP Address,100,319,True,2026-02-25 10:41:32,R_3PmIxDj3dw5xUxs,anonymous,EN,1,Yes,Yes,50,Software / IT / Engineering,,Senior manager / director,,4,True,Agree,Agree,Disagree,Agree,"Strongly disagreeChatGPT (OpenAI),DisagreeMicrosoft Copilot (e.g., Copilot for Microsoft 365 / GitHub Copilot),Neither agree nor disagreeGoogle Gemini (formerly Bard)",,1–2 times per week,5,"Summarizing documents or messages,Coding or debugging",Disagree,Agree,Disagree,Agree,Above average,No,,Agree,Agree,Agree,Agree,26,Agree,"Manage employees, manage projects, manage programs, some training, some hiring, quality control",Yes,1
2026-02-25 10:37:54,2026-02-25 10:41:44,IP Address,100,229,True,2026-02-25 10:41:44,R_5UzeaOOCi7MDHTH,anonymous,EN,0.8999999761581421,Yes,Yes,40,Software / IT / Engineering,,Manager,,10.5,True,Strongly agree,Strongly agree,Strongly agree,Strongly disagree,I do not use AI assistance tools,,Never,0,I do not use AI assistance tools,Strongly disagree,Strongly disagree,Strongly disagree,Neither agree nor disagree,About average,Yes,Exceeds expectations,Strongly agree,Strongly agree,Neither agree nor disagree,Agree,27,Agree,I am a systems administrator.,Yes,1
2026-02-25 10:41:11,2026-02-25 10:42:11,IP Address,100,60,True,2026-02-25 10:42:11,R_3D5EIJbpvuOkoOi,anonymous,EN,1,Yes,Yes,45,Software / IT / Engineering,,Team lead / supervisor,,1,True,Strongly agree,Agree,Strongly agree,Disagree,"DisagreeMicrosoft Copilot (e.g., Copilot for Microsoft 365 / GitHub Copilot),AgreeClaude (Anthropic),Company-provided internal AI tool(s)",,Daily or more,30,"Writing or editing text,Summarizing documents or messages,Coding or debugging",Strongly agree,Strongly agree,Strongly agree,Disagree,Top 20%,Yes,Far exceeds expectations,Strongly agree,Strongly agree,Strongly agree,Strongly agree,5,Agree,Lead software engineer for a team of 6 developers,Yes,1
2026-02-25 10:38:03,2026-02-25 10:44:05,IP Address,100,361,True,2026-02-25 10:44:05,R_70doRkKSHEMqLol,anonymous,EN,1,Yes,Yes,40,Finance / Accounting,,Senior manager / director,,6,True,Agree,Agree,Neither agree nor disagree,Strongly agree,"DisagreeMicrosoft Copilot (e.g., Copilot for Microsoft 365 / GitHub Copilot)",,1–2 times per week,2,"Writing or editing text,Summarizing documents or messages,Brainstorming or ideation,Planning or outlining",Disagree,Agree,Neither agree nor disagree,Neither agree nor disagree,Above average,Yes,Exceeds expectations,Strongly agree,Agree,Neither agree nor disagree,Agree,16,Agree,"Director of finance. Support internal accounting, external reporting, FPA, and investor relations.",Yes,1
2026-02-25 10:30:18,2026-02-25 10:44:14,IP Address,100,836,True,2026-02-25 10:44:15,R_6I75RokNOloF47b,anonymous,EN,1,Yes,Yes,40,HR / People Operations,,Manager,,6,True,Strongly agree,Strongly agree,Strongly agree,Strongly disagree,I do not use AI assistance tools,,Daily or more,30,"Writing or editing text,Summarizing documents or messages,Brainstorming or ideation,Data analysis",Neither agree nor disagree,Strongly agree,Strongly agree,Disagree,Top 20%,Yes,Exceeds expectations,Strongly agree,Strongly agree,Strongly agree,Strongly agree,6,Agree,I handle all HR processes and the department,Yes,1
2026-02-25 10:41:28,2026-02-25 10:44:37,IP Address,100,189,True,2026-02-25 10:44:37,R_6kSvAo9Dtgf4Is2,anonymous,EN,0.8999999761581421,Yes,Yes,40,Other (specify),Education/teacher,Individual contributor,,18,True,Neither agree nor disagree,Neither agree nor disagree,Agree,Agree,"Strongly disagreeChatGPT (OpenAI),DisagreeMicrosoft Copilot (e.g., Copilot for Microsoft 365 / GitHub Copilot),Grammarly (or similar writing assistant)",,3–4 times per week,30,"Writing or editing text,Brainstorming or ideation,Planning or outlining",Agree,Agree,Agree,Disagree,Top 20%,Yes,Exceeds expectations,Agree,Agree,Agree,Agree,40,Agree,"I teach 9th-12th grade students at an urban, public high school.",Yes,1
2026-02-25 10:36:45,2026-02-25 10:44:39,IP Address,100,473,True,2026-02-25 10:44:39,R_5hDQiMg2Ntw4uyw,anonymous,EN,1,Yes,Yes,40,Operations / Supply Chain,,Manager,,5,True,Agree,Strongly agree,Strongly agree,Agree,"Strongly disagreeChatGPT (OpenAI),DisagreeMicrosoft Copilot (e.g., Copilot for Microsoft 365 / GitHub Copilot)",,Daily or more,20,Data analysis,Strongly agree,Strongly agree,Strongly agree,Neither agree nor disagree,Above average,Yes,Far exceeds expectations,Strongly agree,Strongly agree,Strongly agree,Strongly agree,10,Agree,I do back-end work for a lead gen company and set up integrations into various CRM platforms.,Yes,1
2026-02-25 10:40:13,2026-02-25 10:44:45,IP Address,100,272,True,2026-02-25 10:44:46,R_56GRpHYNwiFgobT,anonymous,EN,1,Yes,Yes,45,Other (specify),Writing educational materials,Individual contributor,,16,True,Strongly agree,Strongly agree,Agree,Disagree,"Strongly disagreeChatGPT (OpenAI),Neither agree nor disagreeGoogle Gemini (formerly Bard),AgreeClaude (Anthropic)",,Daily or more,20,"Writing or editing text,Brainstorming or ideation",Agree,Strongly agree,Strongly agree,Disagree,About average,No,,Agree,Agree,Disagree,Strongly agree,37,Agree,I create educational materials and sell them online (paperback and digital) for teachers and homeschool parents.,Yes,1
2026-02-25 10:42:23,2026-02-25 10:45:09,IP Address,100,165,True,2026-02-25 10:45:09,R_6R8hYbh0gicPcLs,anonymous,EN,1,Yes,Yes,40,Software / IT / Engineering,,Individual contributor,,14,True,Strongly agree,Agree,Agree,Disagree,Strongly disagreeChatGPT (OpenAI),,Daily or more,10,"Writing or editing text,Summarizing documents or messages",Agree,Strongly agree,Agree,Disagree,Above average,Yes,Exceeds expectations,Strongly agree,Strongly agree,Agree,Agree,39,Agree,I'm a technical writer for a corporate PC helpdesk,Yes,1
2026-02-25 10:39:03,2026-02-25 10:45:13,IP Address,100,369,True,2026-02-25 10:45:13,R_71nhHZFX23wE5RY,anonymous,EN,1,Yes,Yes,45,Other (specify),Construction,Team lead / supervisor,,6,True,Agree,Agree,Agree,Disagree,"Strongly disagreeChatGPT (OpenAI),Neither agree nor disagreeGoogle Gemini (formerly Bard)",,Daily or more,10,"Writing or editing text,Summarizing documents or messages,Brainstorming or ideation,Planning or outlining",Agree,Strongly agree,Agree,Neither agree nor disagree,Above average,Yes,Exceeds expectations,Strongly agree,Agree,Agree,Strongly agree,15,Agree,I manage a small team of construction workers.,Yes,1
2026-02-25 10:40:46,2026-02-25 10:45:23,IP Address,100,276,True,2026-02-25 10:45:23,R_7380ZPsVjN1qDKA,anonymous,EN,1,Yes,Yes,40,Other (specify),hospitality,Individual contributor,,1,True,Agree,Agree,Agree,Disagree,Company-provided internal AI tool(s),,Less than once per month,5,Planning or outlining,Neither agree nor disagree,Agree,Agree,Neither agree nor disagree,About average,Yes,Meets expectations,Strongly agree,Agree,Strongly agree,Neither agree nor disagree,52,Agree,I clean and prep,Yes,1
2026-02-25 10:42:20,2026-02-25 10:46:02,IP Address,100,222,True,2026-02-25 10:46:03,R_7ooSVWTswjYHMF2,anonymous,EN,1,Yes,Yes,45,Finance / Accounting,,Individual contributor,,2,True,Agree,Agree,Agree,Disagree,"Strongly disagreeChatGPT (OpenAI),DisagreeMicrosoft Copilot (e.g., Copilot for Microsoft 365 / GitHub Copilot)",,3–4 times per week,25,"Writing or editing text,Data analysis",Agree,Agree,Agree,Agree,About average,Yes,Meets expectations,Agree,Agree,Disagree,Agree,25,Agree,financial reporting and accounting,Yes,1
2026-02-25 10:43:32,2026-02-25 10:46:51,IP Address,100,199,True,2026-02-25 10:46:52,R_5cAdVKTyo0RKDO7,anonymous,EN,1,Yes,Yes,50,Data / Analytics / Research,,Individual contributor,,7,True,Strongly agree,Strongly agree,Agree,Disagree,I do not use AI assistance tools,,Never,0,I do not use AI assistance tools,Strongly disagree,Strongly disagree,Strongly disagree,Neither agree nor disagree,About average,No,,Agree,Agree,Neither agree nor disagree,Strongly agree,17,Agree,I help train AI LLMs and analyze data,Yes,1
2026-02-25 10:32:37,2026-02-25 10:47:51,IP Address,100,913,True,2026-02-25 10:47:51,R_6V600hCsmkjTLm9,anonymous,EN,1,Yes,Yes,36,Other (specify),"Healthcare ",Individual contributor,,1,True,Agree,Agree,Agree,Disagree,I do not use AI assistance tools,,Never,0,I do not use AI assistance tools,Strongly disagree,Strongly disagree,Strongly disagree,Strongly agree,About average,Yes,Meets expectations,Agree,Agree,Agree,Agree,5,Agree,"As a Registered a nurse I assess patient condition, administer prescribed medications and treatments, and document.  ",Yes,1
2026-02-25 10:43:18,2026-02-25 10:49:22,IP Address,100,364,True,2026-02-25 10:49:23,R_76NGPopE4rRvqhj,anonymous,EN,1,Yes,Yes,40,Data / Analytics / Research,,Individual contributor,,3,True,Agree,Agree,Disagree,Agree,"Strongly disagreeChatGPT (OpenAI),Perplexity (or similar AI search assistant)",,Daily or more,10,Data analysis,Agree,Neither agree nor disagree,Neither agree nor disagree,Agree,About average,Not sure,,Agree,Neither agree nor disagree,Agree,Agree,11,Agree,"I research, fact-check, and analyze outputs from AI to help train them.",Yes,1
2026-02-25 10:47:04,2026-02-25 10:49:48,IP Address,100,163,True,2026-02-25 10:49:48,R_7QfrSZZLzUtmbK8,anonymous,EN,1,Yes,Yes,40,Product / Program Management,,Individual contributor,,4,True,Agree,Agree,Strongly agree,Disagree,I do not use AI assistance tools,,Never,0,I do not use AI assistance tools,Strongly disagree,Strongly disagree,Strongly disagree,Neither agree nor disagree,Above average,Yes,Exceeds expectations,Agree,Agree,Strongly agree,Neither agree nor disagree,5,Agree,"I manage state and federal environmental grants for a state agency. ",Yes,1
2026-02-25 10:47:15,2026-02-25 10:50:01,IP Address,100,165,True,2026-02-25 10:50:01,R_7mgDvsYn2uIEiS7,anonymous,EN,1,Yes,Yes,40,Operations / Supply Chain,,Senior manager / director,,7,True,Agree,Agree,Agree,Disagree,"Strongly disagreeChatGPT (OpenAI),AgreeClaude (Anthropic)",,3–4 times per week,15,"Summarizing documents or messages,Brainstorming or ideation,Coding or debugging,Data analysis",Agree,Strongly agree,Agree,Disagree,Above average,No,,Agree,Agree,Agree,Strongly agree,12,Agree,"I am an operations manager for a B2B ecommerce company. ",Yes,1
2026-02-25 10:46:51,2026-02-25 10:50:58,IP Address,100,246,True,2026-02-25 10:50:58,R_7lMpAxLBcMk47BT,anonymous,EN,1,Yes,Yes,40,Data / Analytics / Research,,Individual contributor,,2.75,True,Agree,Agree,Neither agree nor disagree,Neither agree nor disagree,"Strongly disagreeChatGPT (OpenAI),AgreeClaude (Anthropic)",,Daily or more,10,"Writing or editing text,Brainstorming or ideation,Data analysis,Planning or outlining",Agree,Strongly agree,Strongly agree,Disagree,Top 20%,No,,Strongly agree,Strongly agree,Strongly agree,Strongly agree,4,Agree,I perform data analysis and manage federal and state grants.,Yes,1
2026-02-25 10:48:37,2026-02-25 10:51:34,IP Address,100,177,True,2026-02-25 10:51:35,R_3p3WimsGYXBCnWk,anonymous,EN,1,Yes,Yes,40,Other (specify),Retail manager,Manager,,3.5,True,Agree,Agree,Agree,Disagree,"Strongly disagreeChatGPT (OpenAI),DisagreeMicrosoft Copilot (e.g., Copilot for Microsoft 365 / GitHub Copilot)",,Daily or more,5,Writing or editing text,Strongly agree,Strongly agree,Strongly agree,Strongly disagree,Top 20%,Yes,Exceeds expectations,Strongly agree,Strongly agree,Strongly agree,Strongly agree,22,Agree,I am a retail manager.,Yes,1
2026-02-25 10:48:50,2026-02-25 10:51:52,IP Address,100,182,True,2026-02-25 10:51:53,R_6uqDoelIBXt5GtT,anonymous,EN,1,Yes,Yes,40,Product / Program Management,,Individual contributor,,0.5,True,Agree,Agree,Disagree,Agree,Neither agree nor disagreeGoogle Gemini (formerly Bard),,1–3 times per month,1,"Writing or editing text,Summarizing documents or messages",Disagree,Agree,Agree,Agree,Above average,Yes,Exceeds expectations,Agree,Strongly agree,Agree,Strongly agree,4,Agree,"Work with people across the company to ideate, build, and measure software features for customers.",Yes,1
2026-02-25 10:47:13,2026-02-25 10:51:58,IP Address,100,284,True,2026-02-25 10:51:58,R_11o6soCTABgfprf,anonymous,EN,1,Yes,Yes,40,Software / IT / Engineering,,Individual contributor,,3,True,Strongly agree,Agree,Agree,Disagree,"DisagreeMicrosoft Copilot (e.g., Copilot for Microsoft 365 / GitHub Copilot)",,1–3 times per month,5,"Writing or editing text,Brainstorming or ideation",Disagree,Neither agree nor disagree,Disagree,Disagree,Above average,Yes,Meets expectations,Agree,Agree,Agree,Agree,4,Agree,System Administrator,Yes,1
2026-02-25 10:50:34,2026-02-25 10:53:38,IP Address,100,183,True,2026-02-25 10:53:38,R_5ib1FJ6WikI20Vg,anonymous,EN,1,Yes,Yes,40,Other (specify),"Manufacturing ",Individual contributor,,3.5,True,Agree,Disagree,Agree,Agree,I do not use AI assistance tools,,Never,0,I do not use AI assistance tools,Strongly disagree,Strongly disagree,Strongly disagree,Neither agree nor disagree,Top 20%,Yes,Exceeds expectations,Strongly agree,Strongly agree,Strongly agree,Strongly agree,16,Agree,I set up machines that make circuit boards,Yes,1
2026-02-25 10:50:14,2026-02-25 10:54:14,IP Address,100,240,True,2026-02-25 10:54:14,R_5qy7eZ7ufcL2wJb,anonymous,EN,1,Yes,Yes,40,Data / Analytics / Research,,Individual contributor,,16,True,Strongly agree,Neither agree nor disagree,Strongly agree,Strongly disagree,I do not use AI assistance tools,,Never,0,I do not use AI assistance tools,Strongly disagree,Strongly disagree,Strongly disagree,Strongly disagree,About average,Yes,Meets expectations,Agree,Agree,Agree,Strongly agree,40,Agree,I do data entry.,Yes,1
2026-02-25 10:48:19,2026-02-25 10:56:08,IP Address,100,468,True,2026-02-25 10:56:08,R_7ze7y9Xwzqh794t,anonymous,EN,0.8999999761581421,Yes,Yes,36,Product / Program Management,,Manager,,5,True,Agree,Agree,Disagree,Agree,"DisagreeMicrosoft Copilot (e.g., Copilot for Microsoft 365 / GitHub Copilot),AgreeClaude (Anthropic),Perplexity (or similar AI search assistant)",,1–2 times per week,60,"Coding or debugging,Data analysis,Planning or outlining",Agree,Strongly agree,Agree,Neither agree nor disagree,Above average,Yes,Exceeds expectations,Strongly agree,Agree,Agree,Strongly agree,16,Agree,"I manage a group of technicans in a manufacturing firm, I oversee daily duties being executed.",Yes,1
2026-02-25 10:41:16,2026-02-25 10:58:25,IP Address,100,1028,True,2026-02-25 10:58:26,R_6b12V1MWOrzo6Tg,anonymous,EN,0.8999999761581421,Yes,Yes,35,Product / Program Management,,Manager,,8,True,Strongly agree,Agree,Agree,Neither agree nor disagree,"Strongly disagreeChatGPT (OpenAI),DisagreeMicrosoft Copilot (e.g., Copilot for Microsoft 365 / GitHub Copilot),Grammarly (or similar writing assistant)",,Daily or more,20,"Writing or editing text,Summarizing documents or messages,Brainstorming or ideation,Data analysis",Neither agree nor disagree,Agree,Agree,Disagree,Above average,No,,Agree,Agree,Agree,Strongly agree,36,Agree,Sr Program manager for a non profit agency where I manage 4 programs that provide social services.,Yes,1
2026-02-25 10:51:57,2026-02-25 10:58:45,IP Address,100,407,True,2026-02-25 10:58:45,R_6EF6UlBwo7tt4b6,anonymous,EN,1,Yes,Yes,40,Other (specify),construction,Individual contributor,,25,True,Strongly agree,Strongly agree,Strongly agree,Disagree,I do not use AI assistance tools,,Never,0,I do not use AI assistance tools,Neither agree nor disagree,Neither agree nor disagree,Neither agree nor disagree,Neither agree nor disagree,Above average,No,,Strongly agree,Strongly agree,Strongly agree,Neither agree nor disagree,25,Agree,my job is to install acoustical ceilings,Yes,1
2026-02-25 10:49:35,2026-02-25 11:00:48,IP Address,100,672,True,2026-02-25 11:00:48,R_1IY77Oxm2clO9zE,anonymous,EN,1,Yes,Yes,40,Software / IT / Engineering,,Individual contributor,,25.5,True,Agree,Strongly agree,Neither agree nor disagree,Strongly agree,"DisagreeMicrosoft Copilot (e.g., Copilot for Microsoft 365 / GitHub Copilot),Company-provided internal AI tool(s)",,1–3 times per month,2,"Writing or editing text,Summarizing documents or messages,Coding or debugging",Strongly disagree,Agree,Agree,Neither agree nor disagree,About average,Yes,Meets expectations,Strongly agree,Agree,Neither agree nor disagree,Agree,25,Agree,electrical engineering involving data analysis and new product development for high tech chips,Yes,1
2026-02-25 10:56:29,2026-02-25 11:01:05,IP Address,100,275,True,2026-02-25 11:01:05,R_7AkSXGLpzQe3AD7,anonymous,EN,1,Yes,Yes,45,Other (specify),Education administration,Other (specify),Administrator,16,True,Agree,Agree,Agree,Disagree,"DisagreeMicrosoft Copilot (e.g., Copilot for Microsoft 365 / GitHub Copilot)",,1–2 times per week,5,"Writing or editing text,Summarizing documents or messages,Brainstorming or ideation,Planning or outlining",Agree,Agree,Agree,Disagree,Above average,Yes,Far exceeds expectations,Agree,Agree,Neither agree nor disagree,Agree,30,Agree,"I am the department administrator of a University department and I advise students,  but I also help run the department. ",Yes,1
2026-02-25 10:57:03,2026-02-25 11:02:42,IP Address,100,339,True,2026-02-25 11:02:42,R_6pSTf9HBdcrauZZ,anonymous,EN,1,Yes,Yes,40,Software / IT / Engineering,,Senior manager / director,,5,True,Agree,Agree,Agree,Disagree,"Strongly disagreeChatGPT (OpenAI),DisagreeMicrosoft Copilot (e.g., Copilot for Microsoft 365 / GitHub Copilot),Neither agree nor disagreeGoogle Gemini (formerly Bard)",,3–4 times per week,20,"Writing or editing text,Summarizing documents or messages,Brainstorming or ideation,Coding or debugging,Planning or outlining",Agree,Agree,Agree,Disagree,Above average,Yes,Exceeds expectations,Strongly agree,Strongly agree,Agree,Strongly agree,21,Agree,I am the Director of IT at a software company.,Yes,1
2026-02-25 10:39:28,2026-02-25 11:06:46,IP Address,100,1637,True,2026-02-25 11:06:46,R_6FmQWBCkXEwotN2,anonymous,EN,1,Yes,Yes,42,Other (specify),Sole Proprietor,Executive,,4,True,Agree,Strongly agree,Agree,Disagree,"Strongly disagreeChatGPT (OpenAI),DisagreeMicrosoft Copilot (e.g., Copilot for Microsoft 365 / GitHub Copilot),Neither agree nor disagreeGoogle Gemini (formerly Bard)",,Daily or more,25,"Writing or editing text,Summarizing documents or messages,Brainstorming or ideation,Data analysis,Planning or outlining",Strongly agree,Strongly agree,Strongly agree,Neither agree nor disagree,Above average,No,,Agree,Agree,Agree,Strongly agree,5,Agree,"My primary job is to build and systemize a scalable creative empire that generates consistent income through music, writing, teaching, and intellectual property.",Yes,1
2026-02-25 11:00:31,2026-02-25 11:08:55,IP Address,100,504,True,2026-02-25 11:08:55,R_6XiVwEStoDG2Efc,anonymous,EN,1,Yes,Yes,40,Other (specify),"Hospitality ",Senior manager / director,,2,True,Strongly agree,Strongly agree,Strongly agree,Disagree,Other (please specify),CHATGPT,Less than once per month,2,Brainstorming or ideation,Disagree,Strongly disagree,Neither agree nor disagree,Strongly disagree,Top 20%,Yes,Far exceeds expectations,Strongly agree,Strongly agree,Agree,Strongly agree,14,Agree,I am a customer success manager.,Yes,1
2026-02-25 11:07:38,2026-02-25 11:09:16,IP Address,100,98,True,2026-02-25 11:09:17,R_1WNMJET1ycUrjhl,anonymous,EN,1,Yes,Yes,45,Finance / Accounting,,Individual contributor,,3,True,Agree,Agree,Agree,Agree,"Strongly disagreeChatGPT (OpenAI),Perplexity (or similar AI search assistant)",,Daily or more,25,"Writing or editing text,Brainstorming or ideation,Planning or outlining",Agree,Strongly agree,Strongly agree,Disagree,Above average,No,,Agree,Agree,Strongly agree,Agree,3,Agree,"Financial advisor ",Yes,1
2026-02-25 11:11:02,2026-02-25 11:16:01,IP Address,100,298,True,2026-02-25 11:16:02,R_7rOmKsyv9UKeOWD,anonymous,EN,1,Yes,Yes,40,Data / Analytics / Research,,Senior manager / director,,13,True,Agree,Agree,Agree,Agree,I do not use AI assistance tools,,Never,0,I do not use AI assistance tools,Strongly disagree,Strongly disagree,Strongly disagree,Strongly disagree,About average,No,,Strongly agree,Strongly agree,Strongly agree,Strongly agree,23,Agree,I analyze data and make reports for people above me to look at and make business decisions.,Yes,1
2026-02-25 11:17:10,2026-02-25 11:19:16,IP Address,100,125,True,2026-02-25 11:19:16,R_6NJsSSJbhf7igeG,anonymous,EN,1,Yes,Yes,45,Legal / Compliance,,Team lead / supervisor,,1.5,True,Agree,Strongly agree,Disagree,Strongly agree,Strongly disagreeChatGPT (OpenAI),,3–4 times per week,20,"Writing or editing text,Summarizing documents or messages,Brainstorming or ideation,Data analysis",Agree,Strongly agree,Agree,Neither agree nor disagree,Above average,Yes,Exceeds expectations,Agree,Strongly agree,Agree,Strongly agree,4,Agree,I am an attorney in a medium-sized law firm.,Yes,1
2026-02-25 11:17:10,2026-02-25 11:21:52,IP Address,100,281,True,2026-02-25 11:21:52,R_3s7KixeKZxu9rO4,anonymous,EN,0.8999999761581421,Yes,Yes,45,Data / Analytics / Research,,Individual contributor,,20,True,Disagree,Disagree,Strongly disagree,Agree,"Strongly disagreeChatGPT (OpenAI),Company-provided internal AI tool(s)",,Daily or more,15,Data analysis,Neither agree nor disagree,Neither agree nor disagree,Neither agree nor disagree,Strongly agree,About average,No,,Agree,Neither agree nor disagree,Neither agree nor disagree,Neither agree nor disagree,30,Agree,I do various kinds of research and analysis for various tasks.,Yes,1
2026-02-25 10:34:49,2026-02-25 10:39:40,IP Address,94,291,False,2026-02-25 11:39:41,R_3ErTiUel75FMPOU,anonymous,EN,1,Yes,Yes,45,Software / IT / Engineering,,Team lead / supervisor,,1,True,Strongly agree,Agree,Agree,Disagree,"DisagreeMicrosoft Copilot (e.g., Copilot for Microsoft 365 / GitHub Copilot),AgreeClaude (Anthropic),Company-provided internal AI tool(s)",,Daily or more,30,"Writing or editing text,Summarizing documents or messages,Coding or debugging",Strongly agree,Strongly agree,Strongly agree,Disagree,Top 20%,Yes,Far exceeds expectations,Strongly agree,Strongly agree,Strongly agree,Strongly agree,5,Agree,,,1
2026-02-25 10:45:35,2026-02-25 10:46:47,IP Address,42,71,False,2026-02-25 11:47:11,R_5mxdI8uOssKDqUI,anonymous,EN,1,Yes,Yes,42,Operations / Supply Chain,,Team lead / supervisor,,4.5,True,Agree,Agree,Agree,Disagree,Company-provided internal AI tool(s),,,,,,,,,,,,,,,,,,,,1
2026-02-25 10:38:58,2026-02-25 10:48:05,IP Address,94,546,False,2026-02-25 11:48:10,R_1ANGLbeLoJ29228,anonymous,EN,0.8999999761581421,Yes,Yes,36,Product / Program Management,,Manager,,5,True,Agree,Agree,Disagree,Agree,"DisagreeMicrosoft Copilot (e.g., Copilot for Microsoft 365 / GitHub Copilot),AgreeClaude (Anthropic),Perplexity (or similar AI search assistant)",,1–2 times per week,60,"Coding or debugging,Data analysis,Planning or outlining",Agree,Strongly agree,Agree,Neither agree nor disagree,Above average,Yes,Exceeds expectations,Strongly agree,Strongly agree,Agree,Strongly agree,16,Agree,,,1
